category,completed_listings,started_listings,conversion_rate
Jewellery,157,172,91.2790697674419
Accessories,288,320,90.0
Design & decoration,19,22,86.3636363636364
Clothing,1176,1365,86.1538461538462
Shoes,489,571,85.6392294220665
Girls,15,18,83.3333333333333
Bags,431,536,80.410447761194
Baby,6,8,75.0
Boys,12,18,66.6666666666667
Art & culture,3,5,60.0
High-tech,2,4,50.0
Sport & Leisure,0,3,0.0
